,k-mer sequence,num. of occurrences
0,AACAA,2156
1,AACAC,3731
2,AACAG,3153
3,AACAT,2030
4,AACCA,3114
5,AACCG,6265
6,AACCT,2284
7,AACGA,3465
8,AACGC,6108
9,AACGG,5116
10,AACGT,2961
11,AACTA,740
12,AACTC,3011
13,AACTG,2866
14,AACTT,1376
15,AAGAA,2011
16,AAGAC,2544
17,AAGAG,1255
18,AAGAT,1965
19,AAGCA,1944
20,AAGCC,4690
21,AAGCG,3606
22,AAGCT,2272
23,AAGGA,1777
24,AAGGC,3841
25,AAGGT,2599
26,AAGTA,948
27,AAGTC,2667
28,AAGTG,1739
29,AAGTT,1487
30,AATAA,336
31,AATAC,1342
32,AATAG,817
33,AATAT,701
34,AATCA,1563
35,AATCC,2935
36,AATCG,3530
37,AATCT,1205
38,AATGA,1243
39,AATGC,2646
40,AATGG,2032
41,AATGT,1392
42,AATTA,357
43,AATTC,2104
44,AATTG,1594
45,ACAAC,3994
46,ACAAG,2295
47,ACAAT,1336
48,ACACA,1698
49,ACACC,8002
50,ACACG,3265
51,ACACT,1349
52,ACAGA,1254
53,ACAGC,5330
54,ACAGG,2507
55,ACAGT,1453
56,ACATA,855
57,ACATC,4879
58,ACATG,2526
59,ACATT,1449
60,ACCAA,3786
61,ACCAC,7890
62,ACCAG,7330
63,ACCAT,3589
64,ACCGA,8832
65,ACCGC,13780
66,ACCGG,13149
67,ACCGT,6183
68,ACCTA,1342
69,ACCTC,4491
70,ACCTG,6178
71,ACCTT,2517
72,ACGAA,3468
73,ACGAC,7366
74,ACGAG,4296
75,ACGAT,4612
76,ACGCA,3692
77,ACGCC,9867
78,ACGCG,7128
79,ACGCT,4078
80,ACGGA,2599
81,ACGGC,11118
82,ACGGT,5994
83,ACGTA,1407
84,ACGTC,6556
85,ACGTG,4208
86,ACGTT,3074
87,ACTAA,313
88,ACTAC,2061
89,ACTAG,614
90,ACTAT,736
91,ACTCA,1526
92,ACTCC,2649
93,ACTCG,4359
94,ACTCT,799
95,ACTGA,1675
96,ACTGC,3973
97,ACTGG,4187
98,ACTGT,1490
99,ACTTA,338
100,ACTTC,3002
101,ACTTG,2138
102,AGAAC,2740
103,AGAAG,2223
104,AGAAT,1053
105,AGACA,1351
106,AGACC,3896
107,AGACG,3209
108,AGACT,866
109,AGAGA,724
110,AGAGC,2244
111,AGAGG,1216
112,AGAGT,827
113,AGATA,1036
114,AGATC,4896
115,AGATG,2836
116,AGATT,1260
117,AGCAA,2854
118,AGCAC,6089
119,AGCAG,6350
120,AGCAT,2579
121,AGCCA,4483
122,AGCCG,10403
123,AGCCT,2262
124,AGCGA,4769
125,AGCGC,9830
126,AGCGG,8312
127,AGCGT,4173
128,AGCTA,1221
129,AGCTC,4435
130,AGCTG,6605
131,AGCTT,2220
132,AGGAA,2230
133,AGGAC,3027
134,AGGAG,2322
135,AGGAT,2483
136,AGGCA,2491
137,AGGCC,6765
138,AGGCG,6346
139,AGGCT,2306
140,AGGTA,1862
141,AGGTC,5268
142,AGGTG,5257
143,AGGTT,2447
144,AGTAA,466
145,AGTAC,1751
146,AGTAG,1362
147,AGTAT,655
148,AGTCA,1534
149,AGTCC,2802
150,AGTCG,4628
151,AGTCT,878
152,AGTGA,1571
153,AGTGC,3097
154,AGTGG,2820
155,AGTGT,1391
156,AGTTA,496
157,AGTTC,3602
158,AGTTG,3295
159,ATAAC,815
160,ATAAG,492
161,ATAAT,344
162,ATACA,863
163,ATACC,2449
164,ATACG,1653
165,ATACT,621
166,ATAGA,755
167,ATAGC,1843
168,ATAGG,1167
169,ATAGT,714
170,ATATA,311
171,ATATC,1747
172,ATATG,882
173,ATATT,760
174,ATCAA,2933
175,ATCAC,5116
176,ATCAG,4287
177,ATCAT,2514
178,ATCCA,3324
179,ATCCG,6597
180,ATCCT,2470
181,ATCGA,7303
182,ATCGC,9736
183,ATCGG,8541
184,ATCGT,4539
185,ATCTA,844
186,ATCTC,3356
187,ATCTG,3999
188,ATCTT,2049
189,ATGAA,2060
190,ATGAC,3755
191,ATGAG,2117
192,ATGAT,2563
193,ATGCA,2120
194,ATGCC,6136
195,ATGCG,5074
196,ATGCT,2707
197,ATGGA,2076
198,ATGGC,5822
199,ATGGT,3613
200,ATGTA,949
201,ATGTC,4007
202,ATGTG,2644
203,ATGTT,2207
204,ATTAA,236
205,ATTAC,942
206,ATTAG,401
207,ATTAT,365
208,ATTCA,1443
209,ATTCC,2784
210,ATTCG,3933
211,ATTCT,1075
212,ATTGA,1707
213,ATTGC,3255
214,ATTGG,2618
215,ATTGT,1359
216,CAACA,4903
217,CAACC,6607
218,CAACG,8687
219,CAACT,3045
220,CAAGA,2934
221,CAAGC,4757
222,CAAGG,4441
223,CAAGT,2121
224,CAATA,1126
225,CAATC,2936
226,CAATG,3069
227,CAATT,1462
228,CACAA,2362
229,CACAC,4033
230,CACAG,2819
231,CACAT,2662
232,CACCA,9839
233,CACCG,19767
234,CACCT,5338
235,CACGA,5217
236,CACGC,7070
237,CACGG,6918
238,CACGT,4294
239,CACTA,1112
240,CACTC,2327
241,CACTG,3802
242,CACTT,1741
243,CAGAA,2263
244,CAGAC,3249
245,CAGAG,1638
246,CAGAT,3958
247,CAGCA,9499
248,CAGCC,9739
249,CAGCG,14224
250,CAGCT,6548
251,CAGGA,4056
252,CAGGC,7063
253,CAGGT,6268
254,CAGTA,1515
255,CAGTC,3035
256,CAGTG,3748
257,CAGTT,2911
258,CATAA,563
259,CATAC,1542
260,CATAG,1489
261,CATAT,857
262,CATCA,4898
263,CATCC,5054
264,CATCG,11384
265,CATCT,2940
266,CATGA,2933
267,CATGC,4382
268,CATGG,4556
269,CATGT,2471
270,CATTA,592
271,CATTC,2365
272,CATTG,3053
273,CCAAC,7188
274,CCAAG,4577
275,CCAAT,2667
276,CCACA,4275
277,CCACC,13481
278,CCACG,8110
279,CCACT,2839
280,CCAGA,4260
281,CCAGC,14677
282,CCAGG,8452
283,CCAGT,4234
284,CCATA,1257
285,CCATC,6647
286,CCATG,4574
287,CCATT,2046
288,CCGAA,7460
289,CCGAC,13828
290,CCGAG,9516
291,CCGAT,9371
292,CCGCA,10384
293,CCGCC,21613
294,CCGCG,18842
295,CCGCT,8317
296,CCGGA,8646
297,CCGGC,24128
298,CCGGT,13336
299,CCGTA,2718
300,CCGTC,9691
301,CCGTG,7078
302,CCGTT,5418
303,CCTAA,582
304,CCTAC,2495
305,CCTAG,997
306,CCTAT,1161
307,CCTCA,2743
308,CCTCC,3350
309,CCTCG,8441
310,CCTCT,1232
311,CCTGA,3519
312,CCTGC,7316
313,CCTGG,8166
314,CCTGT,2533
315,CCTTA,638
316,CCTTC,3401
317,CCTTG,4570
318,CGAAC,7834
319,CGAAG,6413
320,CGAAT,3966
321,CGACA,8265
322,CGACC,12996
323,CGACG,18671
324,CGACT,4655
325,CGAGA,4517
326,CGAGC,10286
327,CGAGG,8616
328,CGAGT,4425
329,CGATA,3067
330,CGATC,12541
331,CGATG,11690
332,CGATT,3564
333,CGCAA,5576
334,CGCAC,8718
335,CGCAG,9064
336,CGCAT,5009
337,CGCCA,12844
338,CGCCG,32604
339,CGCCT,6358
340,CGCGA,10778
341,CGCGC,15960
342,CGCGG,18903
343,CGCGT,7152
344,CGCTA,2859
345,CGCTC,6267
346,CGCTG,14037
347,CGCTT,3639
348,CGGAA,4347
349,CGGAC,6483
350,CGGAG,5045
351,CGGAT,6578
352,CGGCA,14293
353,CGGCC,21529
354,CGGCG,31988
355,CGGCT,10166
356,CGGTA,4588
357,CGGTC,11461
358,CGGTG,19521
359,CGGTT,5853
360,CGTAA,1211
361,CGTAC,2550
362,CGTAG,3435
363,CGTAT,1606
364,CGTCA,6530
365,CGTCC,5923
366,CGTCG,18843
367,CGTCT,3200
368,CGTGA,4381
369,CGTGC,7923
370,CGTGG,7926
371,CGTGT,3394
372,CGTTA,1329
373,CGTTC,5413
374,CGTTG,8974
375,CTAAC,848
376,CTAAG,549
377,CTAAT,411
378,CTACA,1633
379,CTACC,3579
380,CTACG,3419
381,CTACT,1343
382,CTAGA,624
383,CTAGC,1731
384,CTAGG,965
385,CTAGT,626
386,CTATA,377
387,CTATC,1823
388,CTATG,1390
389,CTATT,831
390,CTCAA,2520
391,CTCAC,3294
392,CTCAG,2358
393,CTCAT,2093
394,CTCCA,3038
395,CTCCG,4884
396,CTCCT,2438
397,CTCGA,7203
398,CTCGC,6628
399,CTCGG,9309
400,CTCGT,4477
401,CTCTA,805
402,CTCTC,1223
403,CTCTG,1566
404,CTCTT,1322
405,CTGAA,2409
406,CTGAC,4869
407,CTGAG,2377
408,CTGAT,4343
409,CTGCA,5255
410,CTGCC,7870
411,CTGCG,8996
412,CTGCT,6433
413,CTGGA,5318
414,CTGGC,11300
415,CTGGT,7113
416,CTGTA,1246
417,CTGTC,3352
418,CTGTG,2894
419,CTGTT,3129
420,CTTAA,326
421,CTTAC,885
422,CTTAG,510
423,CTTAT,472
424,CTTCA,2473
425,CTTCC,3105
426,CTTCG,6075
427,CTTCT,2147
428,CTTGA,3025
429,CTTGC,4475
430,CTTGG,4569
431,CTTGT,2302
432,GAACA,4300
433,GAACC,4956
434,GAACG,5268
435,GAACT,3532
436,GAAGA,3268
437,GAAGC,4599
438,GAAGG,3483
439,GAAGT,3305
440,GAATA,1217
441,GAATC,3487
442,GAATG,2380
443,GAATT,2230
444,GACAA,3610
445,GACAC,4984
446,GACAG,3393
447,GACAT,4016
448,GACCA,7610
449,GACCG,11270
450,GACCT,5192
451,GACGA,9245
452,GACGC,8870
453,GACGG,9636
454,GACGT,6468
455,GACTA,1417
456,GACTC,2722
457,GACTG,3105
458,GACTT,2468
459,GAGAA,2291
460,GAGAC,2423
461,GAGAG,1292
462,GAGAT,3214
463,GAGCA,5340
464,GAGCC,5578
465,GAGCG,6275
466,GAGCT,4427
467,GAGGA,3551
468,GAGGC,4946
469,GAGGT,4578
470,GAGTA,1309
471,GAGTC,2683
472,GAGTG,2266
473,GAGTT,3314
474,GATAA,961
475,GATAC,2248
476,GATAG,1804
477,GATAT,1828
478,GATCA,7398
479,GATCC,6759
480,GATCG,12243
481,GATCT,5070
482,GATGA,5526
483,GATGC,7492
484,GATGG,6605
485,GATGT,5097
486,GATTA,790
487,GATTC,3495
488,GATTG,3057
489,GCAAC,7054
490,GCAAG,4433
491,GCAAT,3042
492,GCACA,4299
493,GCACC,12637
494,GCACG,7775
495,GCACT,3251
496,GCAGA,4108
497,GCAGC,12807
498,GCAGG,7348
499,GCAGT,3859
500,GCATA,1497
501,GCATC,7265
502,GCATG,4343
503,GCATT,2606
504,GCCAA,7281
505,GCCAC,10366
506,GCCAG,11578
507,GCCAT,5745
508,GCCGA,18619
509,GCCGC,25290
510,GCCGG,24308
511,GCCGT,11166
512,GCCTA,2172
513,GCCTC,5040
514,GCCTG,7072
515,GCCTT,3788
516,GCGAA,6099
517,GCGAC,11220
518,GCGAG,6564
519,GCGAT,9514
520,GCGCA,10221
521,GCGCC,17638
522,GCGCG,15823
523,GCGCT,9745
524,GCGGA,7157
525,GCGGC,24825
526,GCGGT,13645
527,GCGTA,2707
528,GCGTC,8851
529,GCGTG,7120
530,GCGTT,6201
531,GCTAA,1046
532,GCTAC,3592
533,GCTAG,1709
534,GCTAT,1779
535,GCTCA,4793
536,GCTCC,4326
537,GCTCG,10367
538,GCTCT,2200
539,GCTGA,7249
540,GCTGC,12992
541,GCTGG,14283
542,GCTGT,5317
543,GCTTA,879
544,GCTTC,4151
545,GCTTG,4621
546,GGAAC,3808
547,GGAAG,3219
548,GGAAT,2833
549,GGACA,4020
550,GGACC,5316
551,GGACG,5826
552,GGACT,2661
553,GGAGA,2790
554,GGAGC,4335
555,GGAGG,3195
556,GGAGT,2797
557,GGATA,1704
558,GGATC,6636
559,GGATG,5170
560,GGATT,3016
561,GGCAA,6647
562,GGCAC,8366
563,GGCAG,7404
564,GGCAT,5974
565,GGCCA,13042
566,GGCCG,21232
567,GGCCT,6851
568,GGCGA,13809
569,GGCGC,17393
570,GGCGG,21156
571,GGCGT,9955
572,GGCTA,2978
573,GGCTC,5456
574,GGCTG,9515
575,GGCTT,4153
576,GGTAA,1861
577,GGTAC,3006
578,GGTAG,3694
579,GGTAT,2465
580,GGTCA,7866
581,GGTCC,5426
582,GGTCG,13277
583,GGTCT,3805
584,GGTGA,9510
585,GGTGC,12409
586,GGTGG,13083
587,GGTGT,8106
588,GGTTA,1372
589,GGTTC,4849
590,GGTTG,6283
591,GTAAC,1463
592,GTAAG,859
593,GTAAT,955
594,GTACA,1700
595,GTACC,3052
596,GTACG,2511
597,GTACT,1765
598,GTAGA,1878
599,GTAGC,3635
600,GTAGG,2506
601,GTAGT,2177
602,GTATA,452
603,GTATC,2227
604,GTATG,1553
605,GTATT,1426
606,GTCAA,3889
607,GTCAC,5767
608,GTCAG,4801
609,GTCAT,3826
610,GTCCA,5006
611,GTCCG,6669
612,GTCCT,2970
613,GTCGA,12492
614,GTCGC,11523
615,GTCGG,13379
616,GTCGT,7437
617,GTCTA,1151
618,GTCTC,2426
619,GTCTG,3264
620,GTCTT,2466
621,GTGAA,3072
622,GTGAC,5647
623,GTGAG,3205
624,GTGAT,5146
625,GTGCA,4889
626,GTGCC,8305
627,GTGCG,8355
628,GTGCT,6072
629,GTGGA,4415
630,GTGGC,10132
631,GTGGT,7882
632,GTGTA,1497
633,GTGTC,5017
634,GTGTG,3902
635,GTGTT,4134
636,GTTAA,521
637,GTTAC,1525
638,GTTAG,815
639,GTTAT,829
640,GTTCA,3537
641,GTTCC,3921
642,GTTCG,7931
643,GTTCT,2736
644,GTTGA,5336
645,GTTGC,7523
646,GTTGG,6995
647,GTTGT,4132
648,TAACA,455
649,TAACC,1451
650,TAACG,1258
651,TAACT,441
652,TAAGA,336
653,TAAGC,838
654,TAAGG,705
655,TAAGT,368
656,TAATA,212
657,TAATC,758
658,TAATG,614
659,TAATT,351
660,TACAA,860
661,TACAC,1566
662,TACAG,1179
663,TACAT,1001
664,TACCA,2032
665,TACCG,4642
666,TACCT,1714
667,TACGA,1815
668,TACGC,2717
669,TACGG,2745
670,TACGT,1522
671,TACTA,455
672,TACTC,1273
673,TACTG,1552
674,TACTT,915
675,TAGAA,686
676,TAGAC,1106
677,TAGAG,826
678,TAGAT,891
679,TAGCA,1089
680,TAGCC,2915
681,TAGCG,2979
682,TAGCT,1234
683,TAGGA,678
684,TAGGC,2058
685,TAGGT,1389
686,TAGTA,462
687,TAGTC,1457
688,TAGTG,1126
689,TAGTT,778
690,TATAA,146
691,TATAC,454
692,TATAG,369
693,TATAT,314
694,TATCA,991
695,TATCC,1771
696,TATCG,2962
697,TATCT,1033
698,TATGA,793
699,TATGC,1517
700,TATGG,1238
701,TATGT,847
702,TATTA,205
703,TATTC,1271
704,TATTG,1235
705,TCAAC,5006
706,TCAAG,2948
707,TCAAT,1548
708,TCACA,1604
709,TCACC,9661
710,TCACG,4349
711,TCACT,1543
712,TCAGA,1486
713,TCAGC,7196
714,TCAGG,3372
715,TCAGT,1663
716,TCATA,842
717,TCATC,5485
718,TCATG,2899
719,TCATT,1213
720,TCCAA,2208
721,TCCAC,4351
722,TCCAG,5459
723,TCCAT,2098
724,TCCGA,4073
725,TCCGC,7274
726,TCCGG,8554
727,TCCGT,2730
728,TCCTA,675
729,TCCTC,3534
730,TCCTG,4012
731,TCCTT,1847
732,TCGAA,5012
733,TCGAC,12173
734,TCGAG,7468
735,TCGAT,7365
736,TCGCA,4070
737,TCGCC,14046
738,TCGCG,11000
739,TCGCT,4662
740,TCGGA,4051
741,TCGGC,17905
742,TCGGT,8448
743,TCGTA,1970
744,TCGTC,9398
745,TCGTG,5218
746,TCGTT,3422
747,TCTAA,275
748,TCTAC,1826
749,TCTAG,626
750,TCTAT,745
751,TCTCA,1203
752,TCTCC,2828
753,TCTCG,4450
754,TCTCT,685
755,TCTGA,1555
756,TCTGC,4273
757,TCTGG,4088
758,TCTGT,1281
759,TCTTA,338
760,TCTTC,3246
761,TCTTG,3042
762,TGAAC,3674
763,TGAAG,2800
764,TGAAT,1462
765,TGACA,2367
766,TGACC,7899
767,TGACG,6513
768,TGACT,1530
769,TGAGA,1189
770,TGAGC,4755
771,TGAGG,2752
772,TGAGT,1523
773,TGATA,1034
774,TGATC,7397
775,TGATG,5024
776,TGATT,1643
777,TGCAA,2072
778,TGCAC,4789
779,TGCAG,5304
780,TGCAT,2149
781,TGCCA,4601
782,TGCCG,15144
783,TGCCT,2601
784,TGCGA,4041
785,TGCGC,10244
786,TGCGG,9975
787,TGCGT,3599
788,TGCTA,1068
789,TGCTC,5528
790,TGCTG,9684
791,TGCTT,1851
792,TGGAA,2746
793,TGGAC,4817
794,TGGAG,3015
795,TGGAT,3414
796,TGGCA,4587
797,TGGCC,12740
798,TGGCG,12580
799,TGGCT,4468
800,TGGTA,2022
801,TGGTC,7509
802,TGGTG,9859
803,TGGTT,3083
804,TGTAA,407
805,TGTAC,1721
806,TGTAG,1705
807,TGTAT,932
808,TGTCA,2353
809,TGTCC,4103
810,TGTCG,8084
811,TGTCT,1424
812,TGTGA,1608
813,TGTGC,4192
814,TGTGG,4243
815,TGTGT,1659
816,TGTTA,493
817,TGTTC,4261
818,TGTTG,5434
819,TTAAC,479
820,TTAAG,347
821,TTAAT,225
822,TTACA,410
823,TTACC,1928
824,TTACG,1216
825,TTACT,466
826,TTAGA,252
827,TTAGC,1008
828,TTAGG,535
829,TTAGT,306
830,TTATA,143
831,TTATC,960
832,TTATG,570
833,TTATT,384
834,TTCAA,1631
835,TTCAC,2980
836,TTCAG,2271
837,TTCAT,2006
838,TTCCA,2748
839,TTCCG,4481
840,TTCCT,2190
841,TTCGA,5020
842,TTCGC,5891
843,TTCGG,7166
844,TTCGT,3555
845,TTCTA,672
846,TTCTC,2161
847,TTCTG,2368
848,TTCTT,2018
849,TTGAA,1972
850,TTGAC,4038
851,TTGAG,2520
852,TTGAT,3046
853,TTGCA,2050
854,TTGCC,7547
855,TTGCG,5434
856,TTGCT,2919
857,TTGGA,2183
858,TTGGC,7121
859,TTGGT,3865
860,TTGTA,1073
861,TTGTC,3588
862,TTGTG,2262
863,TTGTT,2181
