,k-mer sequence,num. of occurrences,k-mer Seq. Diversity
338,CGCCG,32604,2
354,CGGCG,31988,2
509,GCCGC,25290,2
525,GCGGC,24825,2
510,GCCGG,24308,2
297,CCGGC,24128,2
293,CCGCC,21613,2
353,CGGCC,21529,2
566,GGCCG,21232,2
570,GGCGG,21156,2
233,CACCG,19767,3
358,CGGTG,19521,3
342,CGCGG,18903,2
366,CGTCG,18843,3
294,CCGCG,18842,2
323,CGACG,18671,3
508,GCCGA,18619,3
741,TCGGC,17905,3
521,GCGCC,17638,2
569,GGCGC,17393,2
341,CGCGC,15960,2
522,GCGCG,15823,2
782,TGCCG,15144,3
281,CCAGC,14677,3
352,CGGCA,14293,3
541,GCTGG,14283,3
249,CAGCG,14224,3
737,TCGCC,14046,3
346,CGCTG,14037,3
289,CCGAC,13828,3
568,GGCGA,13809,3
65,ACCGC,13780,3
526,GCGGT,13645,3
277,CCACC,13481,2
615,GTCGG,13379,3
298,CCGGT,13336,3
582,GGTCG,13277,3
66,ACCGG,13149,3
586,GGTGG,13083,2
565,GGCCA,13042,3
322,CGACC,12996,3
540,GCTGC,12992,3
337,CGCCA,12844,3
497,GCAGC,12807,3
797,TGGCC,12740,3
493,GCACC,12637,3
798,TGGCG,12580,3
330,CGATC,12541,4
613,GTCGA,12492,4
585,GGTGC,12409,3
480,GATCG,12243,4
733,TCGAC,12173,4
331,CGATG,11690,4
506,GCCAG,11578,3
614,GTCGC,11523,3
357,CGGTC,11461,3
264,CATCG,11384,4
414,CTGGC,11300,3
449,GACCG,11270,3
517,GCGAC,11220,3
511,GCCGT,11166,3
81,ACGGC,11118,3
738,TCGCG,11000,3
340,CGCGA,10778,3
122,AGCCG,10403,3
292,CCGCA,10384,3
537,GCTCG,10367,3
505,GCCAC,10366,3
326,CGAGC,10286,3
785,TGCGC,10244,3
520,GCGCA,10221,3
355,CGGCT,10166,3
630,GTGGC,10132,3
786,TGCGG,9975,3
571,GGCGT,9955,3
77,ACGCC,9867,3
802,TGGTG,9859,2
232,CACCA,9839,2
125,AGCGC,9830,3
523,GCGCT,9745,3
248,CAGCC,9739,3
182,ATCGC,9736,4
300,CCGTC,9691,3
790,TGCTG,9684,3
709,TCACC,9661,3
453,GACGG,9636,3
290,CCGAG,9516,3
574,GGCTG,9515,3
519,GCGAT,9514,4
584,GGTGA,9510,3
247,CAGCA,9499,3
744,TCGTC,9398,3
291,CCGAT,9371,4
399,CTCGG,9309,3
451,GACGA,9245,3
335,CGCAG,9064,3
411,CTGCG,8996,3
374,CGTTG,8974,3
452,GACGC,8870,3
528,GCGTC,8851,3
64,ACCGA,8832,3
334,CGCAC,8718,3
218,CAACG,8687,3
296,CCGGA,8646,3
327,CGAGG,8616,3
726,TCCGG,8554,3
183,ATCGG,8541,4
282,CCAGG,8452,3
742,TCGGT,8448,3
309,CCTCG,8441,3
562,GGCAC,8366,3
627,GTGCG,8355,3
295,CCGCT,8317,3
126,AGCGG,8312,3
626,GTGCC,8305,3
321,CGACA,8265,3
313,CCTGG,8166,3
278,CCACG,8110,3
587,GGTGT,8106,2
810,TGTCG,8084,3
49,ACACC,8002,2
642,GTTCG,7931,3
370,CGTGG,7926,3
369,CGTGC,7923,3
766,TGACC,7899,4
61,ACCAC,7890,2
631,GTGGT,7882,2
410,CTGCC,7870,3
580,GGTCA,7866,4
318,CGAAC,7834,3
494,GCACG,7775,3
448,GACCA,7610,3
854,TTGCC,7547,3
645,GTTGC,7523,3
801,TGGTC,7509,3
483,GATGC,7492,4
734,TCGAG,7468,4
288,CCGAA,7460,3
616,GTCGT,7437,3
563,GGCAG,7404,3
478,GATCA,7398,4
774,TGATC,7397,4
73,ACGAC,7366,3
735,TCGAT,7365,4
498,GCAGG,7348,3
62,ACCAG,7330,3
312,CCTGC,7316,3
181,ATCGA,7303,4
504,GCCAA,7281,3
725,TCCGC,7274,3
501,GCATC,7265,4
539,GCTGA,7249,4
397,CTCGA,7203,4
713,TCAGC,7196,4
273,CCAAC,7188,2
843,TTCGG,7166,3
524,GCGGA,7157,3
343,CGCGT,7152,3
78,ACGCG,7128,3
858,TTGGC,7121,3
529,GCGTG,7120,3
415,CTGGT,7113,3
301,CCGTG,7078,3
514,GCCTG,7072,3
236,CACGC,7070,3
252,CAGGC,7063,3
489,GCAAC,7054,3
646,GTTGG,6995,2
237,CACGG,6918,3
567,GGCCT,6851,3
137,AGGCC,6765,3
479,GATCC,6759,4
611,GTCCG,6669,3
561,GGCAA,6647,3
285,CCATC,6647,3
558,GGATC,6636,4
398,CTCGC,6628,3
217,CAACC,6607,2
130,AGCTG,6605,4
484,GATGG,6605,3
179,ATCCG,6597,4
351,CGGAT,6578,4
518,GCGAG,6564,3
84,ACGTC,6556,4
250,CAGCT,6548,4
364,CGTCA,6530,4
767,TGACG,6513,4
349,CGGAC,6483,3
454,GACGT,6468,4
412,CTGCT,6433,3
319,CGAAG,6413,3
339,CGCCT,6358,3
119,AGCAG,6350,3
138,AGGCG,6346,3
590,GGTTG,6283,2
465,GAGCG,6275,3
253,CAGGT,6268,4
345,CGCTC,6267,3
5,AACCG,6265,3
530,GCGTT,6201,3
67,ACCGT,6183,4
70,ACCTG,6178,4
194,ATGCC,6136,4
8,AACGC,6108,3
516,GCGAA,6099,3
118,AGCAC,6089,3
426,CTTCG,6075,3
628,GTGCT,6072,3
82,ACGGT,5994,4
564,GGCAT,5974,4
365,CGTCC,5923,3
842,TTCGC,5891,3
359,CGGTT,5853,3
551,GGACG,5826,3
198,ATGGC,5822,4
607,GTCAC,5767,4
507,GCCAT,5745,4
622,GTGAC,5647,4
464,GAGCC,5578,3
333,CGCAA,5576,3
789,TGCTC,5528,3
482,GATGA,5526,3
717,TCATC,5485,3
722,TCCAG,5459,4
573,GGCTC,5456,3
818,TGTTG,5434,2
855,TTGCG,5434,3
581,GGTCC,5426,3
302,CCGTT,5418,3
373,CGTTC,5413,3
463,GAGCA,5340,3
234,CACCT,5338,3
644,GTTGA,5336,3
53,ACAGC,5330,3
413,CTGGA,5318,4
542,GCTGT,5317,3
550,GGACC,5316,3
779,TGCAG,5304,4
141,AGGTC,5268,4
434,GAACG,5268,3
142,AGGTG,5257,3
409,CTGCA,5255,4
745,TCGTG,5218,3
235,CACGA,5217,3
450,GACCT,5192,4
559,GGATG,5170,3
624,GTGAT,5146,3
175,ATCAC,5116,3
9,AACGG,5116,3
485,GATGT,5097,3
195,ATGCG,5074,4
481,GATCT,5070,4
263,CATCC,5054,3
350,CGGAG,5045,3
513,GCCTC,5040,3
775,TGATG,5024,3
841,TTCGA,5020,4
633,GTGTC,5017,3
732,TCGAA,5012,4
336,CGCAT,5009,4
610,GTCCA,5006,4
705,TCAAC,5006,3
445,GACAC,4984,3
433,GAACC,4956,3
468,GAGGC,4946,3
216,CAACA,4903,2
262,CATCA,4898,3
114,AGATC,4896,4
625,GTGCA,4889,4
395,CTCCG,4884,3
57,ACATC,4879,3
406,CTGAC,4869,4
589,GGTTC,4849,3
793,TGGAC,4817,4
608,GTCAG,4801,4
535,GCTCA,4793,4
778,TGCAC,4789,4
124,AGCGA,4769,3
221,CAAGC,4757,3
770,TGAGC,4755,4
20,AAGCC,4690,3
739,TCGCT,4662,3
324,CGACT,4655,4
665,TACCG,4642,4
150,AGTCG,4628,4
545,GCTTG,4621,3
75,ACGAT,4612,4
781,TGCCA,4601,4
437,GAAGC,4599,3
356,CGGTA,4588,4
796,TGGCA,4587,4
469,GAGGT,4578,3
274,CCAAG,4577,3
286,CCATG,4574,4
317,CCTTG,4570,3
430,CTTGG,4569,3
268,CATGG,4556,4
184,ATCGT,4539,4
325,CGAGA,4517,3
69,ACCTC,4491,3
121,AGCCA,4483,3
839,TTCCG,4481,3
400,CTCGT,4477,3
429,CTTGC,4475,3
799,TGGCT,4468,3
753,TCTCG,4450,3
222,CAAGG,4441,3
129,AGCTC,4435,4
490,GCAAG,4433,3
466,GAGCT,4427,4
328,CGAGT,4425,4
629,GTGGA,4415,3
267,CATGC,4382,4
368,CGTGA,4381,4
93,ACTCG,4359,4
721,TCCAC,4351,3
710,TCACG,4349,4
348,CGGAA,4347,3
502,GCATG,4343,4
408,CTGAT,4343,4
554,GGAGC,4335,3
536,GCTCC,4326,3
432,GAACA,4300,3
492,GCACA,4299,3
74,ACGAG,4296,3
238,CACGT,4294,4
176,ATCAG,4287,4
276,CCACA,4275,2
756,TCTGC,4273,3
817,TGTTC,4261,3
280,CCAGA,4260,3
814,TGTGG,4243,2
283,CCAGT,4234,4
85,ACGTG,4208,4
813,TGTGC,4192,3
97,ACTGG,4187,4
127,AGCGT,4173,4
575,GGCTT,4153,3
544,GCTTC,4151,3
635,GTGTT,4134,2
647,GTTGT,4132,2
496,GCAGA,4108,3
809,TGTCC,4103,3
757,TCTGG,4088,3
79,ACGCT,4078,4
724,TCCGA,4073,4
736,TCGCA,4070,4
251,CAGGA,4056,3
740,TCGGA,4051,4
784,TGCGA,4041,4
850,TTGAC,4038,4
229,CACAC,4033,2
549,GGACA,4020,3
447,GACAT,4016,4
730,TCCTG,4012,3
201,ATGTC,4007,4
187,ATCTG,3999,4
45,ACAAC,3994,2
96,ACTGC,3973,4
320,CGAAT,3966,4
246,CAGAT,3958,4
210,ATTCG,3933,4
641,GTTCC,3921,3
634,GTGTG,3902,2
106,AGACC,3896,3
606,GTCAA,3889,4
859,TTGGT,3865,2
499,GCAGT,3859,4
24,AAGGC,3841,3
609,GTCAT,3826,4
546,GGAAC,3808,3
583,GGTCT,3805,3
241,CACTG,3802,4
515,GCCTT,3788,3
60,ACCAA,3786,2
190,ATGAC,3755,4
256,CAGTG,3748,4
1,AACAC,3731,2
578,GGTAG,3694,3
76,ACGCA,3692,3
762,TGAAC,3674,4
347,CGCTT,3639,3
599,GTAGC,3635,4
199,ATGGT,3613,3
444,GACAA,3610,3
21,AAGCG,3606,3
157,AGTTC,3602,4
787,TGCGT,3599,3
532,GCTAC,3592,4
63,ACCAT,3589,3
861,TTGTC,3588,3
379,CTACC,3579,3
332,CGATT,3564,4
844,TTCGT,3555,3
467,GAGGA,3551,2
640,GTTCA,3537,4
729,TCCTC,3534,2
435,GAACT,3532,4
36,AATCG,3530,4
311,CCTGA,3519,4
487,GATTC,3495,4
441,GAATC,3487,4
438,GAAGG,3483,2
72,ACGAA,3468,3
7,AACGA,3465,3
362,CGTAG,3435,4
746,TCGTT,3422,3
380,CTACG,3419,4
795,TGGAT,3414,3
316,CCTTC,3401,2
371,CGTGT,3394,3
446,GACAG,3393,3
714,TCAGG,3372,4
186,ATCTC,3356,3
417,CTGTC,3352,3
308,CCTCC,3350,2
178,ATCCA,3324,3
473,GAGTT,3314,3
439,GAAGT,3305,3
158,AGTTG,3295,3
391,CTCAC,3294,3
436,GAAGA,3268,2
50,ACACG,3265,3
619,GTCTG,3264,3
213,ATTGC,3255,4
495,GCACT,3251,4
244,CAGAC,3249,3
760,TCTTC,3246,2
547,GGAAG,3219,2
462,GAGAT,3214,3
107,AGACG,3209,3
623,GTGAG,3205,3
367,CGTCT,3200,3
555,GGAGG,3195,2
2,AACAG,3153,3
419,CTGTT,3129,3
4,AACCA,3114,2
457,GACTG,3105,4
425,CTTCC,3105,2
153,AGTGC,3097,4
803,TGGTT,3083,2
86,ACGTT,3074,4
621,GTGAA,3072,3
226,CAATG,3069,4
329,CGATA,3067,4
488,GATTG,3057,3
272,CATTG,3053,4
595,GTACC,3052,4
852,TTGAT,3046,3
219,CAACT,3045,3
491,GCAAT,3042,4
761,TCTTG,3042,3
394,CTCCA,3038,3
255,CAGTC,3035,4
133,AGGAC,3027,3
428,CTTGA,3025,4
560,GGATT,3016,3
794,TGGAG,3015,3
12,AACTC,3011,3
577,GGTAC,3006,4
100,ACTTC,3002,3
835,TTCAC,2980,3
681,TAGCG,2979,4
572,GGCTA,2978,4
612,GTCCT,2970,3
696,TATCG,2962,4
10,AACGT,2961,4
706,TCAAG,2948,4
265,CATCT,2940,3
225,CAATC,2936,3
35,AATCC,2935,3
220,CAAGA,2934,3
174,ATCAA,2933,3
266,CATGA,2933,4
856,TTGCT,2919,3
680,TAGCC,2915,4
257,CAGTT,2911,4
718,TCATG,2899,4
418,CTGTG,2894,3
13,AACTG,2866,4
344,CGCTA,2859,4
117,AGCAA,2854,3
279,CCACT,2839,3
115,AGATG,2836,3
548,GGAAT,2833,3
752,TCTCC,2828,2
154,AGTGG,2820,3
230,CACAG,2819,3
149,AGTCC,2802,4
763,TGAAG,2800,3
556,GGAGT,2797,3
553,GGAGA,2790,2
209,ATTCC,2784,3
771,TGAGG,2752,3
838,TTCCA,2748,3
792,TGGAA,2746,3
669,TACGG,2745,4
307,CCTCA,2743,3
102,AGAAC,2740,3
643,GTTCT,2736,3
727,TCCGT,2730,3
456,GACTC,2722,4
299,CCGTA,2718,4
668,TACGC,2717,4
196,ATGCT,2707,4
527,GCGTA,2707,4
471,GAGTC,2683,4
27,AAGTC,2667,4
275,CCAAT,2667,3
231,CACAT,2662,3
552,GGACT,2661,4
92,ACTCC,2649,3
39,AATGC,2646,4
202,ATGTG,2644,3
214,ATTGG,2618,3
503,GCATT,2606,4
783,TGCCT,2601,3
25,AAGGT,2599,3
80,ACGGA,2599,3
120,AGCAT,2579,4
192,ATGAT,2563,3
361,CGTAC,2550,4
16,AAGAC,2544,3
314,CCTGT,2533,3
58,ACATG,2526,4
390,CTCAA,2520,3
851,TTGAG,2520,3
71,ACCTT,2517,3
177,ATCAT,2514,3
596,GTACG,2511,4
54,ACAGG,2507,3
600,GTAGG,2506,3
304,CCTAC,2495,3
136,AGGCA,2491,3
135,AGGAT,2483,3
424,CTTCA,2473,3
269,CATGT,2471,4
180,ATCCT,2470,3
458,GACTT,2468,4
620,GTCTT,2466,3
579,GGTAT,2465,3
163,ATACC,2449,3
143,AGGTT,2447,3
396,CTCCT,2438,2
618,GTCTC,2426,3
460,GAGAC,2423,3
405,CTGAA,2409,4
442,GAATG,2380,3
407,CTGAG,2377,4
847,TTCTG,2368,3
765,TGACA,2367,4
271,CATTC,2365,3
228,CACAA,2362,2
392,CTCAG,2358,4
808,TGTCA,2353,4
240,CACTC,2327,3
134,AGGAG,2322,2
139,AGGCT,2306,4
431,CTTGT,2302,3
46,ACAAG,2295,3
459,GAGAA,2291,2
6,AACCT,2284,3
22,AAGCT,2272,4
836,TTCAG,2271,4
472,GAGTG,2266,3
243,CAGAA,2263,3
862,TTGTG,2262,2
123,AGCCT,2262,4
475,GATAC,2248,4
110,AGAGC,2244,3
443,GAATT,2230,3
132,AGGAA,2230,2
603,GTATC,2227,4
103,AGAAG,2223,2
131,AGCTT,2220,4
720,TCCAA,2208,3
203,ATGTT,2207,3
538,GCTCT,2200,3
840,TTCCT,2190,2
857,TTGGA,2183,3
863,TTGTT,2181,2
601,GTAGT,2177,3
512,GCCTA,2172,4
846,TTCTC,2161,2
0,AACAA,2156,2
780,TGCAT,2149,4
427,CTTCT,2147,2
101,ACTTG,2138,4
223,CAAGT,2121,4
193,ATGCA,2120,4
191,ATGAG,2117,3
43,AATTC,2104,3
723,TCCAT,2098,3
393,CTCAT,2093,3
197,ATGGA,2076,3
777,TGCAA,2072,4
88,ACTAC,2061,3
189,ATGAA,2060,3
684,TAGGC,2058,4
853,TTGCA,2050,4
188,ATCTT,2049,3
287,CCATT,2046,3
40,AATGG,2032,3
664,TACCA,2032,3
3,AACAT,2030,3
800,TGGTA,2022,3
848,TTCTT,2018,2
15,AAGAA,2011,2
837,TTCAT,2006,3
849,TTGAA,1972,3
743,TCGTA,1970,4
18,AAGAT,1965,3
19,AAGCA,1944,3
823,TTACC,1928,3
598,GTAGA,1878,3
140,AGGTA,1862,3
576,GGTAA,1861,3
791,TGCTT,1851,3
731,TCCTT,1847,2
167,ATAGC,1843,4
477,GATAT,1828,3
748,TCTAC,1826,3
387,CTATC,1823,3
667,TACGA,1815,4
476,GATAG,1804,3
534,GCTAT,1779,4
23,AAGGA,1777,2
695,TATCC,1771,3
597,GTACT,1765,4
145,AGTAC,1751,4
171,ATATC,1747,3
242,CACTT,1741,3
28,AAGTG,1739,3
383,CTAGC,1731,4
805,TGTAC,1721,4
666,TACCT,1714,3
533,GCTAG,1709,4
212,ATTGA,1707,3
806,TGTAG,1705,3
557,GGATA,1704,3
594,GTACA,1700,4
48,ACACA,1698,2
95,ACTGA,1675,4
715,TCAGT,1663,4
815,TGTGT,1659,2
164,ATACG,1653,4
776,TGATT,1643,3
245,CAGAG,1638,3
378,CTACA,1633,3
834,TTCAA,1631,3
812,TGTGA,1608,3
363,CGTAT,1606,4
708,TCACA,1604,3
44,AATTG,1594,3
152,AGTGA,1571,3
403,CTCTG,1566,3
661,TACAC,1566,3
34,AATCA,1563,3
755,TCTGA,1555,4
604,GTATG,1553,3
673,TACTG,1552,4
707,TCAAT,1548,3
711,TCACT,1543,3
259,CATAC,1542,3
148,AGTCA,1534,4
768,TGACT,1530,4
91,ACTCA,1526,3
637,GTTAC,1525,4
772,TGAGT,1523,3
670,TACGT,1522,4
699,TATGC,1517,4
254,CAGTA,1515,4
500,GCATA,1497,4
632,GTGTA,1497,3
98,ACTGT,1490,4
260,CATAG,1489,4
29,AAGTT,1487,3
712,TCAGA,1486,4
591,GTAAC,1463,4
764,TGAAT,1462,3
227,CAATT,1462,3
687,TAGTC,1457,4
55,ACAGT,1453,4
649,TAACC,1451,3
59,ACATT,1449,3
208,ATTCA,1443,3
605,GTATT,1426,3
811,TGTCT,1424,3
455,GACTA,1417,4
83,ACGTA,1407,4
41,AATGT,1392,3
155,AGTGT,1391,3
388,CTATG,1390,4
685,TAGGT,1389,3
14,AACTT,1376,3
588,GGTTA,1372,3
146,AGTAG,1362,3
215,ATTGT,1359,3
105,AGACA,1351,3
51,ACACT,1349,3
381,CTACT,1343,3
68,ACCTA,1342,3
31,AATAC,1342,3
47,ACAAT,1336,3
372,CGTTA,1329,4
404,CTCTT,1322,2
470,GAGTA,1309,3
461,GAGAG,1292,2
758,TCTGT,1281,3
672,TACTC,1273,3
703,TATTC,1271,3
116,AGATT,1260,3
650,TAACG,1258,4
284,CCATA,1257,3
17,AAGAG,1255,2
52,ACAGA,1254,3
416,CTGTA,1246,4
38,AATGA,1243,3
700,TATGG,1238,3
704,TATTG,1235,3
682,TAGCT,1234,4
310,CCTCT,1232,2
402,CTCTC,1223,2
128,AGCTA,1221,4
440,GAATA,1217,3
111,AGAGG,1216,2
824,TTACG,1216,4
719,TCATT,1213,3
360,CGTAA,1211,4
37,AATCT,1205,3
751,TCTCA,1203,3
769,TGAGA,1189,3
662,TACAG,1179,4
168,ATAGG,1167,3
306,CCTAT,1161,3
617,GTCTA,1151,4
688,TAGTG,1126,3
224,CAATA,1126,3
239,CACTA,1112,3
676,TAGAC,1106,4
679,TAGCA,1089,4
211,ATTCT,1075,3
860,TTGTA,1073,3
788,TGCTA,1068,4
104,AGAAT,1053,3
531,GCTAA,1046,4
113,AGATA,1036,3
773,TGATA,1034,3
697,TATCT,1033,3
827,TTAGC,1008,4
663,TACAT,1001,3
305,CCTAG,997,4
694,TATCA,991,3
384,CTAGG,965,4
474,GATAA,961,3
831,TTATC,960,3
593,GTAAT,955,3
200,ATGTA,949,3
26,AAGTA,948,3
205,ATTAC,942,3
807,TGTAT,932,3
674,TACTT,915,3
678,TAGAT,891,3
421,CTTAC,885,3
172,ATATG,882,3
543,GCTTA,879,4
151,AGTCT,878,4
108,AGACT,866,4
162,ATACA,863,3
660,TACAA,860,3
592,GTAAG,859,3
261,CATAT,857,3
56,ACATA,855,3
375,CTAAC,848,3
701,TATGT,847,3
185,ATCTA,844,3
716,TCATA,842,3
653,TAAGC,838,4
389,CTATT,831,3
639,GTTAT,829,3
112,AGAGT,827,3
677,TAGAG,826,3
32,AATAG,817,3
159,ATAAC,815,3
638,GTTAG,815,3
401,CTCTA,805,3
94,ACTCT,799,3
698,TATGA,793,3
486,GATTA,790,3
689,TAGTT,778,3
173,ATATT,760,2
657,TAATC,758,3
166,ATAGA,755,3
750,TCTAT,745,3
11,AACTA,740,3
90,ACTAT,736,3
109,AGAGA,724,2
169,ATAGT,714,3
654,TAAGG,705,3
33,AATAT,701,2
675,TAGAA,686,3
754,TCTCT,685,2
683,TAGGA,678,3
728,TCCTA,675,3
845,TTCTA,672,3
147,AGTAT,655,3
315,CCTTA,638,3
749,TCTAG,626,4
385,CTAGT,626,4
382,CTAGA,624,4
165,ATACT,621,3
89,ACTAG,614,4
658,TAATG,614,3
270,CATTA,592,3
303,CCTAA,582,3
832,TTATG,570,3
258,CATAA,563,3
376,CTAAG,549,4
828,TTAGG,535,3
636,GTTAA,521,3
422,CTTAG,510,4
156,AGTTA,496,3
816,TGTTA,493,3
160,ATAAG,492,3
819,TTAAC,479,3
423,CTTAT,472,3
825,TTACT,466,3
144,AGTAA,466,3
686,TAGTA,462,3
648,TAACA,455,3
671,TACTA,455,3
691,TATAC,454,3
602,GTATA,452,3
651,TAACT,441,3
377,CTAAT,411,3
822,TTACA,410,3
804,TGTAA,407,3
206,ATTAG,401,3
833,TTATT,384,2
386,CTATA,377,3
692,TATAG,369,3
655,TAAGT,368,3
207,ATTAT,365,2
42,AATTA,357,2
659,TAATT,351,2
820,TTAAG,347,3
161,ATAAT,344,2
759,TCTTA,338,3
99,ACTTA,338,3
30,AATAA,336,2
652,TAAGA,336,3
420,CTTAA,326,3
693,TATAT,314,2
87,ACTAA,313,3
170,ATATA,311,2
829,TTAGT,306,3
747,TCTAA,275,3
826,TTAGA,252,3
204,ATTAA,236,2
821,TTAAT,225,2
656,TAATA,212,2
702,TATTA,205,2
690,TATAA,146,2
830,TTATA,143,2
